,ebpfjit (unchecked),ebpfjit (virtual memory),Wasmtime (Cranelift),ebpfjit (simple checks)
0,0.8961038961038961,1.103896103896104,4.5064935064935066,2.4415584415584415
